{"cameraMode":{"drawMode":0,"name":"Shaded","section":"Shading Mode"},"sceneLighting":true,"audioPlay":false,"sceneViewState":{"showFog":true,"showMaterialUpdate":false,"showSkybox":true,"showFlares":true,"showImageEffects":true,"showParticleSystems":true},"in2DMode":false,"pivot":{"x":-0.03266799449920654,"y":2.6185104846954347,"z":0.049312472343444827},"rotation":{"x":-0.19524700939655305,"y":0.003542904509231448,"z":-0.0007058607880026102,"w":-0.9807518124580383},"size":16.803625106811525,"orthographic":false}